{
    "foreground_intensity_properties_per_channel": {
        "0": {
            "max": 2868.689453125,
            "mean": 227.654052734375,
            "median": 202.5998992919922,
            "min": 16.920146942138672,
            "percentile_00_5": 53.70329284667969,
            "percentile_99_5": 852.1956787109375,
            "std": 123.62262725830078
        }
    },
    "median_relative_size_after_cropping": 0.65625,
    "shapes_after_crop": [
        [
            27,
            168,
            256
        ],
        [
            27,
            168,
            256
        ],
        [
            27,
            168,
            256
        ],
        [
            27,
            168,
            256
        ],
        [
            27,
            168,
            256
        ],
        [
            27,
            168,
            256
        ],
        [
            27,
            168,
            256
        ],
        [
            27,
            168,
            256
        ],
        [
            27,
            168,
            256
        ],
        [
            27,
            168,
            256
        ],
        [
            27,
            168,
            256
        ],
        [
            27,
            168,
            256
        ],
        [
            27,
            168,
            256
        ],
        [
            27,
            168,
            256
        ],
        [
            27,
            168,
            256
        ],
        [
            27,
            168,
            256
        ],
        [
            27,
            168,
            256
        ],
        [
            27,
            168,
            256
        ],
        [
            27,
            168,
            256
        ],
        [
            27,
            168,
            256
        ],
        [
            27,
            168,
            256
        ],
        [
            27,
            168,
            256
        ],
        [
            27,
            168,
            256
        ],
        [
            27,
            168,
            256
        ],
        [
            27,
            168,
            256
        ],
        [
            27,
            168,
            256
        ],
        [
            27,
            168,
            256
        ],
        [
            27,
            168,
            256
        ],
        [
            27,
            168,
            256
        ],
        [
            27,
            168,
            256
        ],
        [
            27,
            168,
            256
        ],
        [
            27,
            168,
            256
        ],
        [
            27,
            168,
            256
        ],
        [
            27,
            168,
            256
        ],
        [
            27,
            168,
            256
        ],
        [
            27,
            168,
            256
        ],
        [
            27,
            168,
            256
        ],
        [
            27,
            168,
            256
        ],
        [
            27,
            168,
            256
        ],
        [
            27,
            168,
            256
        ],
        [
            27,
            168,
            256
        ],
        [
            27,
            168,
            256
        ],
        [
            27,
            168,
            256
        ],
        [
            27,
            168,
            256
        ],
        [
            27,
            168,
            256
        ],
        [
            27,
            168,
            256
        ],
        [
            27,
            168,
            256
        ],
        [
            27,
            168,
            256
        ],
        [
            27,
            168,
            256
        ],
        [
            27,
            168,
            256
        ],
        [
            27,
            168,
            256
        ],
        [
            27,
            168,
            256
        ],
        [
            27,
            168,
            256
        ],
        [
            27,
            168,
            256
        ],
        [
            27,
            168,
            256
        ],
        [
            27,
            168,
            256
        ],
        [
            27,
            168,
            256
        ],
        [
            27,
            168,
            256
        ],
        [
            27,
            168,
            256
        ],
        [
            27,
            168,
            256
        ],
        [
            27,
            168,
            256
        ],
        [
            27,
            168,
            256
        ],
        [
            27,
            168,
            256
        ],
        [
            27,
            168,
            256
        ],
        [
            27,
            168,
            256
        ],
        [
            27,
            168,
            256
        ],
        [
            27,
            168,
            256
        ],
        [
            27,
            168,
            256
        ],
        [
            27,
            168,
            256
        ],
        [
            27,
            168,
            256
        ],
        [
            27,
            168,
            256
        ],
        [
            27,
            168,
            256
        ],
        [
            27,
            168,
            256
        ],
        [
            27,
            168,
            256
        ],
        [
            27,
            168,
            256
        ],
        [
            27,
            168,
            256
        ],
        [
            27,
            168,
            256
        ]
    ],